checking_status,duration_in_month,credit_history,purpose,credit_amount,savings_account_bonds,present_employment_since,installment_rate,personal_status_sex,other_debtors_guarantors,present_residence_since,property,other_installment_plans,housing,number_of_existing_credits,job,number_of_people_liable,telephone,foreign_worker,scenario,y_true_default,sensitive_group,baseline_score,baseline_prediction,fair_score,fair_prediction
A13,15.589306090644332,A34,A41,2378.23712332381,A64,A73,1.568567635726229,A93,A101,1.8573397309546718,A123,A143,A152,0.9017288851690044,A173,1.0437621642675983,A192,A201,perturbed,0,older,0.02247292313545057,0,0.027845756138582423,0
A14,25.636389558377722,A32,A410,7306.853663757218,A65,A75,3.072597494468632,A93,A101,3.7251957850257456,A121,A143,A152,1.001910055750165,A174,2.088553778600213,A191,A201,perturbed,0,older,0.07731660922798149,0,0.09411361236047172,0
A12,10.587164854139715,A32,A42,1539.3032923776689,A65,A75,0.9228253983769884,A92,A103,1.9356427343297298,A122,A141,A152,1.0914935478664234,A173,0.9994773045515952,A192,A201,perturbed,1,younger,0.07904793824765674,0,0.07511114741980666,0
A14,15.80744508245575,A32,A49,3959.1042048132745,A61,A73,1.7460240739191477,A93,A101,1.5281296580670998,A123,A142,A152,1.958554255109113,A173,1.993471531583317,A191,A201,perturbed,1,older,0.1761163704500735,0,0.1875115233873743,0
A14,4.19385513491825,A32,A46,4226.2726447367395,A65,A75,1.4435612936582705,A93,A103,4.134795608672938,A121,A143,A152,1.0830475186612458,A172,0.9234825539942315,A192,A201,perturbed,0,older,0.01701696241426681,0,0.019190509976397537,0
A11,14.34444784701636,A32,A49,1461.5376668132053,A61,A73,2.3470950721073836,A94,A101,1.840866089047675,A123,A143,A152,1.1357399475387058,A173,0.9734467006824596,A192,A202,perturbed,0,older,0.21307442313113348,0,0.2182070902777271,0
A12,12.040192722070845,A30,A40,1901.6178961383966,A63,A73,2.1626370519970948,A93,A102,2.1402350678725406,A121,A141,A152,0.9451925779510979,A171,0.9521192331721885,A192,A201,perturbed,0,older,0.2238859675133927,0,0.2378683578273388,0
A12,11.49641313314594,A30,A42,4196.961628721327,A61,A74,1.995257873770993,A91,A101,4.0758374954170735,A122,A143,A152,0.8662745524125359,A173,1.0723689956976359,A191,A201,perturbed,0,older,0.3577500210128229,1,0.3611688091477978,1
A11,10.109248797922398,A32,A42,1582.3474382074282,A63,A73,1.7211160586100878,A93,A101,1.7290009714706553,A121,A143,A152,0.7390758802553947,A173,0.9811528854256212,A191,A201,perturbed,0,older,0.15520497010049802,0,0.14844350145083104,0
A14,17.959440768116902,A34,A43,1092.7783425749496,A61,A73,3.99568648877711,A93,A101,2.4639013676029187,A122,A143,A152,2.0291280210701963,A173,0.9793953930688829,A191,A201,perturbed,0,older,0.12427960297275226,0,0.11916833999138457,0
A14,26.27586687906608,A34,A43,3367.9406445444765,A61,A73,4.105566818480399,A94,A102,2.8252181125188085,A121,A141,A152,1.9154232095129735,A173,1.0782333287994406,A191,A201,perturbed,0,older,0.20628345330369066,0,0.18897489086800545,0
A12,23.706048804974596,A32,A42,7641.397851251019,A65,A72,0.9756630844711662,A92,A103,1.807506643521321,A122,A143,A152,1.01055457022171,A173,0.9944224605292314,A192,A202,perturbed,0,older,0.10380131204091161,0,0.08968497370602885,0
A14,34.65874633342855,A33,A41,8957.434442964499,A65,A74,2.9920769899883286,A93,A101,1.9046356964283733,A123,A142,A152,0.922262133922115,A174,2.039936156642101,A192,A201,perturbed,0,older,0.061662351941860136,0,0.08036989204574799,0
A12,20.139332474725986,A32,A49,2690.367372142354,A63,A72,4.041946099393104,A93,A101,2.102224386939402,A121,A141,A152,0.9712979158482458,A172,1.9739900093691574,A192,A201,perturbed,1,older,0.2300670559594119,0,0.23149586105160713,0
A11,18.072981014011944,A34,A40,1478.5328402518142,A61,A72,3.7430531019820275,A91,A103,1.756869193458782,A122,A141,A151,2.0447849337140296,A173,1.0279935622194205,A191,A202,perturbed,1,older,0.6398280454537298,1,0.630785932481737,1
A12,24.064097148430452,A34,A42,5035.0159483161615,A61,A72,2.184379961206406,A92,A102,4.175658987012013,A123,A141,A152,0.9578967593977276,A172,0.9872651543499114,A191,A201,perturbed,1,younger,0.3133808935717917,1,0.2818835393850593,1
A11,4.513237016172758,A34,A42,1233.4203442198045,A61,A71,4.226269380907384,A93,A101,4.027265179077358,A124,A143,A153,3.119190583734591,A174,1.093086501068473,A192,A202,perturbed,0,older,0.4024507450510441,1,0.4900760475104827,1
A11,19.412866849665377,A34,A42,2229.80910708085,A61,A73,3.9033484846138897,A92,A101,3.955745387841689,A121,A143,A151,1.9084701437342506,A173,1.016781791108045,A191,A202,perturbed,1,younger,0.455014874078889,1,0.4022097107908217,1
A11,23.132631337922902,A32,A40,787.8928990140969,A61,A72,3.8439957325860403,A92,A102,3.7633813252380532,A122,A143,A151,0.9262433706185861,A173,0.8983960038622791,A191,A201,perturbed,1,younger,0.8379155721473511,1,0.7916002707554463,1
A11,17.145930168518138,A34,A42,1741.2476359208626,A61,A72,4.476498391389832,A91,A101,4.019258858517486,A122,A143,A151,0.952570914482531,A173,0.9647435554662623,A191,A201,perturbed,0,younger,0.6664230289886136,1,0.6335330905326327,1
A11,51.709267445129214,A34,A41,6352.8945967975915,A61,A75,4.256411974192083,A93,A103,3.9364626195503853,A124,A143,A153,2.050214399000996,A171,0.9085467672653043,A191,A201,perturbed,1,older,0.5752951926716005,1,0.6309021905755128,1
A14,16.248897356558132,A30,A43,2264.504800239425,A64,A73,3.4787640365366856,A93,A101,2.5446351587336995,A121,A143,A152,1.8727869872647092,A174,1.039042748027662,A191,A201,perturbed,0,older,0.09080955808544156,0,0.11716295528872724,0
A13,8.216745490846478,A31,A49,-681.5799911087752,A61,A72,3.977054423003044,A92,A102,1.065314821397941,A121,A143,A152,1.133479470960983,A171,1.0569166405435924,A191,A201,perturbed,1,older,0.2781532664855215,1,0.26253440996559224,1
A14,21.883647706262792,A32,A41,3268.798288431651,A65,A75,3.770834575316594,A93,A101,3.7873166714454247,A121,A143,A152,0.7923051422356793,A174,1.0186156719825392,A192,A201,perturbed,0,older,0.0397287586102216,0,0.04827947486990125,0
A14,18.9862709628394,A32,A41,8310.815958230793,A61,A74,2.7951486859495227,A93,A101,2.9250170460534988,A122,A143,A152,0.9797096797077047,A174,0.9634321188468706,A192,A201,perturbed,0,older,0.08410422073949968,0,0.09208265853557607,0
A14,12.637924313288357,A32,A43,2339.9959731232666,A61,A72,1.845005653490276,A92,A101,1.7995486069325715,A123,A141,A152,1.0401552342059073,A173,0.9175700452542798,A192,A201,perturbed,0,older,0.1274836156026815,0,0.10890094643175592,0
A11,26.36881147904495,A31,A49,4436.103774397561,A61,A73,4.0096418697416985,A93,A101,1.9167642556712068,A122,A142,A151,0.8251498949783515,A173,0.9966526849602204,A192,A201,perturbed,1,older,0.7621022780701617,1,0.7335448564594143,1
A11,14.169181911031929,A32,A40,3148.0104208768894,A61,A71,0.9703649403445157,A93,A101,3.892515608659202,A124,A143,A153,1.0424328617441447,A173,0.9517493377805318,A191,A201,perturbed,0,younger,0.5504620364976288,1,0.5502801224281245,1
A11,24.022380005792172,A31,A42,6994.808833691534,A61,A72,1.7090889602966668,A91,A101,0.9100019256364091,A122,A142,A152,1.0960330957629736,A173,1.067311019770528,A192,A201,perturbed,1,older,0.7328022485096771,1,0.733192220707577,1
A11,13.052045114118808,A33,A46,9191.514867083906,A61,A73,0.7559419990632916,A92,A101,1.8931975702030546,A123,A143,A151,2.0271043811960836,A173,0.9717713553354056,A192,A201,perturbed,0,younger,0.5429629308338438,1,0.5332135202746464,1
A14,25.339902981079383,A34,A41,2696.7772734639734,A61,A74,3.537128044725129,A93,A101,2.843252678932761,A123,A141,A152,1.9920544343293642,A173,1.0330740774818534,A192,A201,perturbed,0,older,0.06415630930391929,0,0.06998189386862232,0
A13,24.95622198455069,A32,A42,1528.3227951384845,A61,A72,3.979697340169266,A93,A102,1.2185579678531595,A122,A143,A152,0.9895963375722073,A172,0.9652735839137528,A191,A202,perturbed,0,younger,0.34432005859872417,1,0.33130338025908407,1
A14,33.17206398750239,A34,A44,3909.320713611628,A61,A74,4.060302471257466,A93,A101,4.092498695168706,A123,A143,A152,1.997599661113815,A173,1.0791726130012531,A192,A201,perturbed,0,older,0.12232143045686686,0,0.12662969217348535,0
A12,22.616326623097248,A32,A42,2761.126962865009,A61,A74,2.193476431210015,A92,A101,4.111944257723965,A121,A143,A151,1.1105063734977558,A173,0.9264738538232632,A191,A201,perturbed,0,older,0.3735159423273101,1,0.2808923972577025,1
A12,24.046547683884118,A33,A41,5768.150821527892,A61,A71,1.2204374575846526,A93,A101,2.284854290544795,A121,A143,A152,1.9694371490006397,A174,0.9743139383119458,A192,A201,perturbed,0,older,0.16420473176127603,0,0.18762697734288852,0
A11,19.948007873388278,A32,A42,1220.5518866821621,A61,A75,4.022125803561174,A92,A103,3.872146507279462,A123,A143,A152,0.9428803753444336,A173,1.041989107834169,A191,A201,perturbed,0,older,0.42227711478136,1,0.4186174186302259,1
A11,1.630063750849395,A32,A45,1269.0446100025224,A63,A74,1.9092630761777953,A94,A101,4.0888152274717156,A121,A143,A151,1.1007963420664975,A172,1.121323306478884,A191,A201,perturbed,0,younger,0.13607573220734365,0,0.11334495920653707,0
A14,12.062665703552476,A31,A45,1176.3243092161265,A65,A74,4.4808574738795315,A92,A101,3.8713489040799,A121,A143,A152,2.0687054775133773,A173,0.8963993012970602,A191,A202,perturbed,0,younger,0.059426141438369655,0,0.05458908043460195,0
A11,6.815256060902167,A32,A40,2656.7425213835927,A62,A75,2.791815165069654,A91,A101,1.8026125585054602,A122,A143,A152,1.1221953778215026,A173,0.9079761375750948,A192,A201,perturbed,0,older,0.5108673357798759,1,0.5416642494992112,1
A11,28.064034461152534,A32,A43,3905.2800997891836,A61,A73,2.6951608115837855,A93,A101,2.2832243789575353,A123,A143,A152,0.8681995397906668,A174,1.0340365467099688,A191,A201,perturbed,0,older,0.38740858442919834,1,0.4108204412157803,1
A11,17.185977597009924,A32,A40,4445.033718962468,A65,A75,1.896273888540536,A93,A101,3.7999966216074315,A124,A143,A153,3.1294165853733755,A174,1.1143270021614766,A192,A201,perturbed,0,older,0.52260242397354,1,0.6301550230236506,1
A12,10.039080753482006,A34,A42,3432.6398045372603,A65,A71,4.04371324248699,A92,A101,3.542679200205939,A122,A143,A151,1.9799660326918613,A173,1.0608084780305687,A191,A201,perturbed,1,younger,0.24473590134688616,0,0.20426939348089776,0
A13,26.033522926548535,A32,A42,3119.999446286012,A61,A72,2.3033236179793137,A92,A101,4.521012858568952,A123,A143,A152,0.8926438150630956,A173,1.051856621871457,A191,A201,perturbed,0,older,0.3767257225083181,1,0.3497042374286199,1
A14,6.83419889601994,A32,A40,3417.4564866140004,A62,A73,0.8937320052589584,A93,A103,1.510253029916568,A121,A143,A151,1.0889573041284035,A171,1.922773145777862,A191,A202,perturbed,0,older,0.045211947723812596,0,0.03953407253526786,0
A14,6.080753215259447,A32,A40,2588.533558849447,A63,A75,1.6358858529870033,A93,A103,4.19614912811482,A121,A143,A153,1.0385892556500662,A172,1.0189600645617294,A191,A201,perturbed,0,older,0.05110348498938246,0,0.05200043284776716,0
A12,18.38126162158998,A32,A45,2001.088192381763,A62,A73,3.164735940375869,A92,A101,1.8041367320871946,A121,A143,A152,0.8744371809938296,A172,1.0369903492167296,A191,A201,perturbed,0,younger,0.23600057387548476,0,0.1947221802502227,0
A13,24.428465719394506,A30,A40,1963.026008977603,A65,A72,3.898506888740756,A93,A101,1.1188950189648141,A122,A143,A152,0.9727355567553846,A173,1.0153988257034419,A191,A201,perturbed,0,older,0.3881094546494769,1,0.40680560942416993,1
A14,31.137184485191234,A34,A43,2687.7224600282316,A65,A72,2.7598170645839994,A93,A101,2.034740241301264,A123,A143,A152,2.0740416523110827,A173,2.0220295268647126,A192,A201,perturbed,0,older,0.04860825169401797,0,0.053557692229836584,0
A11,37.51010311590164,A34,A41,9710.40577596115,A61,A74,3.79492818959545,A93,A101,3.427344060190257,A123,A143,A151,1.7946652991020593,A173,1.054565880010246,A192,A201,perturbed,1,younger,0.4402886489296987,1,0.4315600952549183,1
A14,34.62029971915314,A32,A41,4643.52948349919,A64,A73,2.029421997876778,A93,A101,2.017428477206044,A124,A143,A153,1.063192129033306,A174,0.8237479073186345,A192,A201,perturbed,0,older,0.09205718126111223,0,0.11784192616456772,0
A12,22.714245581189253,A33,A49,6906.816479837324,A62,A74,3.602854094834133,A94,A101,4.287268659513198,A123,A143,A151,0.9757559920708505,A174,0.8525446098640881,A191,A201,perturbed,0,older,0.3702255425840187,1,0.35739999209340306,1
A14,13.545671907257024,A31,A45,2540.7397374755774,A64,A75,4.331276580764122,A93,A101,4.049430448953467,A122,A143,A153,2.0596634972356953,A173,1.9138922529890612,A191,A201,perturbed,1,older,0.19676309459335803,0,0.23426837642523007,0
A14,22.51086389996058,A30,A41,2983.373922415342,A61,A75,3.961896084294259,A93,A103,4.4151333634311065,A123,A143,A152,0.7419774164744211,A173,1.0062541505804738,A192,A201,perturbed,0,older,0.09657108847297176,0,0.11440486776356457,0
A11,12.81079081209052,A32,A43,2464.1355336519764,A61,A73,4.0098991093604335,A93,A101,2.834079423642903,A122,A143,A152,1.1851571374032226,A172,0.971815455989566,A192,A201,perturbed,0,younger,0.36089182964558975,1,0.35598643685489895,1
A14,14.784141318036156,A32,A43,2612.908318887685,A65,A75,4.235105400292328,A93,A101,2.4192332315045815,A123,A143,A152,0.9290257943445867,A173,0.9034769974067007,A191,A201,perturbed,0,older,0.06493611844731978,0,0.06537773185493978,0
A11,33.118319208193725,A34,A40,6446.837544289941,A61,A73,2.8313443105622382,A93,A101,1.992573902777005,A122,A143,A151,1.932271963984084,A173,1.1172572229188495,A191,A201,perturbed,0,older,0.7144716385231725,1,0.6898084653185319,1
A11,62.33182293915028,A32,A49,8104.764578998833,A61,A75,4.013161557987482,A93,A103,3.7036720768946636,A124,A143,A151,0.9721938910690034,A173,0.9849698542547248,A192,A201,perturbed,1,older,0.8426545345705614,1,0.8395219994294258,1
A14,20.888873664701194,A34,A43,2262.50122050762,A62,A75,2.9800673485489413,A92,A101,4.119327038961759,A121,A143,A152,1.0636210374425465,A174,2.0142162281572484,A192,A201,perturbed,0,older,0.05958458238491438,0,0.06593621139526704,0
A11,18.56212199185002,A34,A40,4271.099783365124,A65,A75,1.1071676978735767,A92,A101,4.378765416637447,A121,A141,A151,2.9835088844664575,A173,1.0676048548337493,A192,A201,perturbed,1,older,0.3587906195134143,1,0.3611855231485688,1
A14,24.161628625092767,A33,A42,4598.044812904413,A62,A73,2.5487361108942252,A93,A101,3.0395051887635938,A122,A143,A152,2.180052843221665,A173,1.154168986818963,A191,A201,perturbed,0,older,0.2150713784687051,0,0.22366432452536777,0
A12,75.05623065370607,A32,A45,6151.724493652326,A62,A73,1.752461876769562,A94,A101,2.048933129119522,A123,A143,A152,0.9727191560516227,A173,0.9957025557075141,A191,A201,perturbed,1,younger,0.5902155467429532,1,0.5480623973322228,1
A14,9.298434687761201,A32,A40,1304.4860521025541,A63,A73,1.9837408087029786,A92,A101,2.0230899127930444,A122,A143,A152,1.1905416674735974,A172,1.0134181048856192,A191,A201,perturbed,1,older,0.09050436489670532,0,0.08280637348834127,0
A14,16.68931019428564,A32,A43,1167.589498775796,A65,A72,4.4746683349578005,A92,A101,1.5121990137405337,A121,A143,A151,0.9764592314611725,A173,0.90986457576769,A192,A201,perturbed,0,younger,0.13079466644356252,0,0.0939572161827708,0
A14,35.75796840196874,A34,A40,6102.073442377724,A61,A75,3.7970308576342613,A93,A101,4.452342379590759,A123,A143,A152,2.0007414118135447,A174,0.9965437983491804,A192,A201,perturbed,0,older,0.2600502712856141,1,0.31696469869420285,1
A12,9.436369370098099,A32,A42,705.0905768556448,A61,A73,4.362156061580624,A92,A101,1.4239037787558577,A122,A143,A153,0.8155730267513889,A173,0.9087526134845324,A191,A201,perturbed,1,older,0.48464008703471523,1,0.41867610053228804,1
A11,26.09551700465117,A31,A45,1651.1666767721508,A62,A74,2.017357721435,A93,A102,3.333742427501713,A123,A141,A152,0.9067192019933534,A173,0.9671788136778335,A191,A201,perturbed,0,older,0.34406849357220354,1,0.3459792136073019,1
A11,15.750655767607032,A32,A44,2010.9919662884224,A65,A73,4.2310151290427465,A94,A101,2.096013559119769,A123,A142,A152,1.0341545291201457,A171,1.0551568531310165,A191,A201,perturbed,1,younger,0.28934520089932897,1,0.29546560222702956,1
A12,12.059986578660942,A32,A48,384.9022741052372,A64,A74,2.1257518511734492,A94,A101,3.022699718430219,A122,A141,A152,0.8315982028521414,A172,1.0258929250170938,A191,A201,perturbed,1,younger,0.07966530664767286,0,0.07544726512144463,0
A12,14.481296101599796,A32,A40,684.1901608279787,A61,A75,1.0712244167857505,A91,A103,0.9297896796358007,A121,A141,A151,2.1957398185124184,A173,1.068570282237223,A191,A201,perturbed,1,older,0.4679675996606854,1,0.44277348492800234,1
A14,23.057632179380448,A30,A40,2448.616188808338,A62,A72,2.7994912790889024,A92,A101,3.3529372763922507,A124,A143,A152,2.0248843872630107,A174,1.0181875814754509,A191,A202,perturbed,1,older,0.3921951487621463,1,0.44177281746105856,1
A11,6.72922746344148,A32,A43,2376.6874188252755,A61,A75,2.9664808773284275,A93,A101,4.184129554736737,A122,A143,A152,0.958644116465012,A172,1.0843624805142524,A191,A201,perturbed,0,older,0.2988860794457853,1,0.3027530307956241,1
A11,29.986133950156233,A30,A49,7675.550229594005,A65,A72,2.1536229256946715,A93,A101,2.742224548758356,A123,A142,A152,2.9896348604572967,A173,0.9288998194308291,A191,A201,perturbed,0,younger,0.6263194954351768,1,0.6853956499988543,1
A14,31.832949767214124,A31,A41,7702.5858454725485,A65,A71,3.91319673358108,A94,A102,0.8969651459893769,A121,A141,A152,1.1939617281386457,A174,1.0880561727196545,A192,A201,perturbed,1,older,0.11246523061932781,0,0.12613361088769373,0
A13,18.206890109422588,A32,A44,855.2504199167577,A61,A73,3.7558528894105128,A94,A101,3.0792354350073214,A121,A143,A152,1.0905854883020316,A172,0.9585979927416347,A192,A201,perturbed,1,older,0.21563704902614603,0,0.20400687207035956,0
A12,39.46166515877949,A32,A41,7242.608311875748,A61,A73,1.7792921686469132,A93,A103,1.877906950306592,A124,A143,A153,0.7798887980778908,A174,0.9726773449137378,A192,A202,perturbed,0,older,0.232127274986869,0,0.25429900956285323,1
A13,23.19366893075403,A32,A40,1242.3987764442993,A63,A73,3.317555860498449,A92,A101,3.157113482616328,A123,A143,A152,0.9515020258522962,A173,0.9773427963453508,A191,A201,perturbed,0,older,0.2958106106551694,1,0.2893055692589704,1
A11,3.5532909503771686,A34,A42,3509.591623988257,A61,A73,1.3584880323100368,A91,A101,4.450033882350725,A123,A143,A151,1.1064222192916158,A174,1.1325894613958642,A192,A201,perturbed,1,older,0.24963576397717246,0,0.2754341463728591,1
A12,50.10047214229666,A34,A44,4875.862949551855,A61,A73,1.8383643540407548,A92,A101,3.4469856877758214,A121,A143,A152,0.9013926658797651,A174,0.9453295276577567,A192,A201,perturbed,1,older,0.28176046948437833,1,0.26803436809058373,1
A12,41.30921688932367,A30,A410,18037.261039594905,A61,A74,0.9950138979527743,A94,A101,2.1567225246834445,A122,A141,A152,1.041423179806195,A174,1.0348324637190771,A192,A202,perturbed,1,older,0.4686685040337881,1,0.49437674312217705,1
A14,8.852032415396987,A30,A40,1744.3525134001097,A63,A73,3.2788770774583127,A93,A101,1.8025237283984958,A124,A143,A151,0.7366618975254198,A172,2.030286808822139,A191,A202,perturbed,0,older,0.15655321729769292,0,0.16249422359870666,0
A14,41.70915915747187,A34,A42,1440.3388731194946,A61,A73,3.065658354155312,A94,A101,2.219966335183916,A122,A143,A152,1.9318016072632154,A173,1.0070296410608932,A192,A201,perturbed,0,older,0.18943022179293922,0,0.18135749852217098,0
A12,24.063323662617556,A34,A43,2015.96265785888,A62,A72,4.0148298888403104,A93,A101,3.7287760335521853,A124,A141,A152,2.0127754136956315,A173,1.9427764759513542,A191,A201,perturbed,1,older,0.43014794755989283,1,0.4399981223437958,1
A13,36.86325622828943,A32,A46,1713.7479274349168,A65,A73,4.138649074707519,A93,A102,3.8925346120058104,A124,A143,A152,1.0841214912759372,A174,0.9170386518021922,A192,A201,perturbed,1,older,0.34052293119797866,1,0.41604073010134934,1
A11,21.703851327255567,A34,A49,2581.694083315725,A64,A74,3.750885440208523,A93,A101,0.8490708969644483,A121,A143,A152,1.9440618118521926,A173,0.9166041508073339,A192,A201,perturbed,0,older,0.11546526004497921,0,0.13313466019637735,0
A12,35.94405197752932,A32,A46,2661.0963155922163,A61,A74,2.846115052093341,A93,A101,0.9506694054381908,A123,A143,A152,2.1073539971927255,A173,2.0786859238603665,A191,A201,perturbed,0,older,0.4045523721200917,1,0.4212549573776126,1
A11,47.65688566956384,A32,A43,6945.287002451193,A61,A74,1.1718832342732366,A92,A103,1.0743180126682796,A121,A141,A152,1.8274888188243728,A173,0.9427306983198045,A192,A201,perturbed,1,older,0.4170539723695792,1,0.382044463767487,1
A14,13.484015850400496,A34,A46,2057.7085392583213,A65,A71,2.0452246768905984,A93,A101,3.242694475030223,A123,A143,A153,0.9783465289426381,A174,0.9122329145847279,A192,A201,perturbed,0,older,0.026233138602789786,0,0.03307317021227849,0
A13,12.562752819386102,A32,A49,2986.9473108555026,A61,A74,2.1038631701132595,A93,A101,4.072151965815555,A122,A143,A151,1.0213546132512568,A173,1.069048720712093,A192,A201,perturbed,0,older,0.21601420337627256,0,0.19404589656921525,0
A11,17.33608719174277,A33,A43,1926.3445946720035,A61,A72,4.020552121256793,A92,A101,1.6358419086005684,A122,A143,A151,0.8178507092263305,A172,1.0443725430355955,A192,A201,perturbed,1,older,0.5710195253219232,1,0.5054153966421309,1
A11,30.981216346416304,A30,A44,4832.064784737529,A61,A73,1.7099940048861315,A92,A103,2.1414626632224145,A121,A143,A152,2.149753495075692,A173,0.9972783548523012,A192,A201,perturbed,0,older,0.4786949088573291,1,0.4893982408404723,1
A11,45.74006306447572,A32,A43,4450.041103262215,A61,A72,4.095228103983958,A93,A101,3.181754392952453,A123,A143,A152,1.0337995640006379,A173,0.9614381105657518,A191,A201,perturbed,1,older,0.6950785730637195,1,0.6778878694754346,1
A12,13.338305589983973,A32,A43,871.7618352922224,A61,A75,4.291802339062266,A93,A101,3.1898703774505224,A124,A143,A152,0.871697241433203,A173,1.8015896579947752,A191,A201,perturbed,1,older,0.3857406589091622,1,0.38493022884670886,1
A11,19.599970728423216,A32,A41,3585.4873020007917,A61,A73,3.1160664021035727,A93,A103,3.852272049351054,A124,A141,A153,1.0641004839153112,A173,1.942994830096919,A192,A201,perturbed,0,older,0.4159708103199613,1,0.45627823243315074,1
A14,3.411367457098402,A34,A43,1513.816756873175,A61,A72,1.1647427113938056,A92,A101,3.96463536867448,A123,A143,A152,0.9030006563418103,A173,0.9868923710410394,A191,A201,perturbed,0,older,0.04101030420115588,0,0.034563078041210914,0
A12,13.046168553768705,A32,A45,521.4738923457973,A61,A73,3.7892711188716186,A93,A102,1.9036087534743418,A123,A141,A152,0.9244642865577649,A173,0.9215078102283505,A191,A201,perturbed,1,older,0.35563853787700594,1,0.3324220507558645,1
A14,31.643315300803046,A34,A41,7610.893359730948,A61,A74,2.9439795061553724,A93,A101,2.1969757163392045,A122,A143,A152,1.8411100750388818,A174,0.9216101891001683,A192,A201,perturbed,0,older,0.07613226342759714,0,0.08859845374075702,0
A14,15.102252507865394,A33,A43,1027.3769943204852,A61,A73,3.8980364357804267,A94,A101,2.585590853475168,A122,A142,A152,1.9580929513565188,A174,1.1479895442975419,A191,A201,perturbed,0,older,0.2702375794124182,1,0.28751841597092226,1
A12,0.3115027636088632,A32,A43,393.07148189874204,A65,A75,3.8865306140826243,A93,A101,3.896558812295447,A122,A141,A152,0.7452324422132066,A173,0.8756528569162851,A191,A201,perturbed,0,older,0.13315868898948036,0,0.12784315004596697,0
A11,4.744405985361404,A32,A44,1229.7632955033937,A61,A72,3.8609376851020687,A92,A101,1.3030738800727821,A124,A143,A152,1.0249821912117336,A173,1.0203612329034053,A191,A201,perturbed,0,older,0.5615388615357203,1,0.5342168668853541,1
A14,25.90202285583384,A32,A41,9338.065297457268,A65,A73,2.133267497828772,A91,A101,3.895833776959848,A124,A143,A153,1.2145725285466122,A173,0.940857608125351,A192,A201,perturbed,0,older,0.1507391753137626,0,0.16908687123020782,0
A11,41.36139591529656,A32,A43,6902.759278836964,A65,A74,4.124364813405745,A92,A101,3.3045879949046433,A123,A143,A152,0.9482943086424707,A174,1.012519271014045,A192,A201,perturbed,1,older,0.32395556169072626,1,0.34117218274869476,1
A12,18.529068623116157,A32,A42,4628.439533964219,A65,A74,2.1901012879865736,A94,A101,3.1839473806033896,A123,A143,A152,0.732898712970226,A173,0.9106221645805065,A192,A201,perturbed,0,older,0.08491407883018808,0,0.07694219749619191,0
A14,17.538221387539732,A32,A40,2899.747877328113,A65,A73,3.4051881158353474,A93,A101,1.5784703570784506,A124,A143,A152,0.9443653763902977,A173,1.0851080549025993,A191,A201,perturbed,0,older,0.14079997952741255,0,0.14152696800794196,0
A14,17.38149944396757,A34,A42,2596.445519021501,A61,A74,2.039491794586287,A92,A102,2.806475907094767,A123,A141,A152,1.991910715156587,A174,0.9740788892668237,A191,A201,perturbed,0,younger,0.09311213728890823,0,0.10056945569491305,0
A11,31.877014943768106,A34,A42,4896.742267906038,A63,A73,1.1054333962903586,A92,A101,4.431367188329244,A123,A143,A152,2.0175889191179857,A173,1.1220757359444553,A191,A201,perturbed,1,younger,0.2484562638907524,0,0.25988743941896864,1
A14,28.210017106673348,A32,A43,5326.137746934688,A61,A74,4.040835446896828,A92,A101,1.6176376584966046,A123,A143,A153,1.992323467003328,A173,1.0973618408920234,A191,A201,perturbed,0,younger,0.31207726939018227,1,0.2776646294523556,1
A14,15.083859992606172,A31,A40,2538.9221319067233,A65,A75,3.637760055326602,A93,A101,2.864216966408205,A123,A143,A152,1.17633396304769,A173,0.932389334457218,A192,A201,perturbed,0,older,0.09716321735952234,0,0.10784974202183947,0
A12,7.673066995919866,A32,A40,3154.650197156228,A65,A74,0.7622911361119283,A92,A101,2.0233715191157495,A121,A143,A152,0.9781306564858231,A172,0.9252696298037683,A191,A201,perturbed,0,older,0.06524390913904031,0,0.0538051889298973,0
A12,29.605819837900487,A30,A49,5185.4630237718775,A62,A73,4.105755950020124,A92,A101,4.05851623186012,A123,A143,A151,1.9540141710579197,A172,0.9033645059142903,A191,A201,perturbed,1,older,0.660282026983096,1,0.6384242715785877,1
A14,10.345588311119904,A31,A40,-38.42175336258117,A65,A73,0.9017851009716799,A93,A103,2.367155905467151,A121,A142,A152,1.040410167974194,A172,1.9261776135338902,A191,A201,perturbed,0,older,0.03134502432428922,0,0.03210463365104754,0
A14,12.450878657365843,A34,A43,404.19906824996417,A61,A73,3.9889641640564193,A93,A101,3.780646828041594,A121,A141,A152,3.051498981912073,A173,1.0874373221248805,A191,A201,perturbed,0,older,0.1361387246897321,0,0.13836867485063964,0
A11,10.804590343414354,A34,A40,3311.277844209161,A61,A73,2.6803835957582116,A92,A102,2.028318599349164,A121,A143,A152,1.9752179973409434,A173,1.1163064937874319,A191,A201,perturbed,1,older,0.43587341917074374,1,0.4208895315499192,1
A12,7.231074940392571,A34,A41,2019.927577017483,A62,A72,3.065035824873901,A93,A101,4.170257398849492,A122,A143,A152,0.9717079742068008,A173,0.9554553718146508,A191,A201,perturbed,0,older,0.11328528472214397,0,0.10682928959066243,0
A12,8.085432965254231,A32,A49,1225.8555383577493,A62,A72,2.933748708272518,A94,A101,1.929526761073671,A121,A143,A152,0.9245024302953088,A173,1.0774942387177697,A192,A201,perturbed,0,older,0.19452831938133866,0,0.1702276940114362,0
A11,35.79106427218417,A34,A46,8309.6167865459,A61,A73,3.0423311901839556,A92,A101,1.7974370268686952,A124,A143,A153,2.084464640551651,A174,0.9948075485483431,A192,A201,perturbed,1,younger,0.730299036604794,1,0.7729687415286666,1
A14,13.494720927717696,A32,A43,4387.8345799991785,A61,A75,4.043559484460468,A91,A101,1.8957751601403672,A123,A141,A151,0.819821769011519,A174,0.9787728240906154,A192,A201,perturbed,0,older,0.304866299239203,1,0.31475076652490735,1
A14,20.233270327357396,A32,A43,4982.198570139487,A61,A72,2.6352469132937193,A93,A101,1.7276427628334154,A123,A143,A152,1.0135184476210035,A172,0.9879215144059179,A192,A201,perturbed,0,older,0.11225154464690477,0,0.10344093030407446,0
A12,32.883923071308466,A33,A40,7346.025385419695,A62,A71,2.2479743342239984,A91,A102,3.995773883775764,A122,A143,A153,4.102823648429502,A174,1.0560448499438466,A192,A202,perturbed,1,older,0.7723014290189365,1,0.8323572466301269,1
A11,1.1806470008847825,A32,A49,2613.1806232023446,A61,A74,0.7158880787616584,A93,A101,4.241324958817142,A124,A143,A152,0.9934268149250765,A172,0.8529086296603711,A191,A201,perturbed,0,older,0.15166429637507844,0,0.15860362852749987,0
A12,10.098222540299293,A32,A43,1173.4975707007152,A65,A72,1.9331414371512057,A94,A101,0.883214345527668,A121,A143,A152,0.7981176245117032,A171,0.9720248317860196,A192,A202,perturbed,1,younger,0.03978183607580581,0,0.03389909338924406,0
A14,11.868709059055988,A32,A40,1829.3476446052111,A61,A75,3.89647675799644,A92,A101,4.148310186155363,A124,A143,A153,0.980900457311167,A174,0.9541192697684087,A192,A201,perturbed,0,older,0.3794542219029747,1,0.40521080535623033,1
A14,2.308379029402839,A32,A43,1093.6763396699,A62,A75,2.2323447167404122,A93,A101,3.5471121628062354,A124,A141,A153,1.0842106777474603,A173,2.058171613165131,A192,A201,perturbed,0,older,0.12606935719430293,0,0.1382188851496772,0
A12,12.083575632593186,A34,A43,3333.834095728459,A65,A74,4.0247199270846075,A93,A103,1.5814371418908661,A121,A141,A152,3.0263256777694423,A173,1.0531289041568925,A192,A201,perturbed,0,older,0.06336796738071941,0,0.06535444601977909,0
A14,15.88118344306848,A32,A41,3013.3492118674703,A65,A73,2.216615109557653,A93,A101,1.2766864478434226,A122,A143,A151,0.8743760619029162,A173,1.0725393011550144,A192,A201,perturbed,0,older,0.046422579724665555,0,0.04053473374303514,0
A12,23.77997705217078,A33,A43,2193.724922480812,A62,A74,3.04631569085127,A92,A101,1.9585467526885534,A121,A143,A151,2.2647702436445125,A173,1.0457982302240447,A192,A201,perturbed,0,younger,0.34726851586986457,1,0.2851540435214949,1
A14,28.1416475877831,A34,A43,8259.601131836998,A62,A75,0.9951386332488349,A93,A101,4.093390226318576,A121,A143,A151,2.107816271456484,A173,1.025334124506077,A191,A201,perturbed,0,older,0.13046294626367833,0,0.11470900901163202,0
A14,12.187206272927124,A32,A43,1942.0107193675258,A61,A73,0.819377124996744,A92,A101,3.6650816564602176,A121,A143,A152,1.0176647922200452,A174,0.9400147394012289,A192,A202,perturbed,0,older,0.0409904984107447,0,0.03901757916420663,0
A14,12.478558429004728,A32,A42,3120.895936280898,A61,A75,3.8947106175958797,A93,A101,3.783841236093662,A123,A141,A152,3.321237104501244,A173,2.0185740000377534,A192,A201,perturbed,0,older,0.2917729095033714,1,0.3480454474942902,1
A13,12.77357045336075,A34,A46,2840.1170399063953,A61,A74,2.008947444723301,A91,A102,3.260075904562858,A121,A143,A152,0.9660961829875572,A172,1.9727590736582141,A191,A201,perturbed,0,older,0.11780202093482425,0,0.13385553505489112,0
A14,11.352660842223603,A32,A43,920.437492161489,A62,A71,2.0583881988320996,A92,A101,3.9867452062111024,A121,A143,A152,0.8248069256125843,A173,0.9615953377290658,A191,A201,perturbed,0,older,0.07164960331588943,0,0.05701352225220401,0
A14,10.900400018208078,A32,A48,1170.675429884483,A65,A74,3.856163934575234,A92,A101,3.13968059770008,A122,A143,A152,0.9806332071453521,A173,0.8382507392205061,A192,A201,perturbed,0,older,0.048189403656065014,0,0.04174752899231896,0
A14,16.544575896118396,A32,A43,1043.456029946979,A65,A73,4.316958334726657,A92,A101,2.0023389319520506,A123,A143,A151,1.0078183674947891,A172,1.0782364993569225,A191,A201,perturbed,0,younger,0.09424133158891633,0,0.07412425463596299,0
A13,21.606194589517717,A32,A40,2032.5623973164402,A65,A74,4.068417513469066,A92,A101,4.258348317270386,A122,A143,A151,0.8177201571388056,A173,0.9291787074215884,A191,A201,perturbed,0,younger,0.34273373282072195,1,0.2890324303559672,1
A11,10.248775277871795,A34,A40,1245.3100773042825,A61,A74,3.751440776123104,A93,A102,2.8725803502108755,A122,A143,A153,2.0801056296415594,A173,0.9973513308022173,A192,A201,perturbed,0,older,0.4517615713503283,1,0.46454707136420387,1
A12,31.790307979759735,A34,A42,8398.218757745868,A61,A74,2.3348240555663593,A93,A101,1.4822708687204744,A122,A143,A152,1.1141462000910025,A172,1.1374360836571822,A191,A201,perturbed,1,older,0.20871683247367664,0,0.18913426236328051,0
A14,20.57172838070232,A33,A41,5288.57032220826,A61,A74,2.6220970508906998,A93,A101,2.7821288619224864,A123,A143,A152,1.8351025037859343,A171,1.0657059781024474,A192,A201,perturbed,0,older,0.05356393792874314,0,0.06146689296712946,0
A14,22.371406234821087,A30,A41,3055.422489023614,A61,A75,1.0893926025587821,A93,A101,4.119422958105897,A124,A143,A152,0.9245217948424092,A174,0.9657225307849103,A192,A201,perturbed,0,older,0.10471034729204208,0,0.14254884601010603,0
A14,25.742984799001533,A34,A41,6128.899013694123,A64,A73,3.87842093361939,A93,A101,2.0552687128472447,A121,A143,A152,1.857981791525356,A173,1.1818868791927393,A191,A201,perturbed,0,older,0.04873871093467372,0,0.055030744788432576,0
A12,5.44849624099564,A31,A40,1007.682145202113,A62,A72,1.3542266485532606,A92,A101,0.936806193141968,A122,A142,A152,0.8487417281041345,A172,1.0760615842891101,A191,A201,perturbed,1,older,0.3618051819805715,1,0.3128786963423413,1
A14,49.354300570446966,A34,A43,3598.139550214523,A65,A75,4.188394658846015,A93,A101,1.2602233117114137,A123,A143,A152,1.0510035468593193,A172,0.939167984720889,A192,A201,perturbed,0,older,0.059038931101075796,0,0.06261671561514268,0
A14,15.089070118391767,A32,A41,2172.5988852588334,A61,A74,1.7388321329375607,A94,A101,1.861037063314696,A123,A143,A152,1.010449324795558,A173,0.9670170941977065,A191,A201,perturbed,0,older,0.04363989981110796,0,0.04010932510570535,0
A12,57.93798522927144,A33,A43,9154.589947232791,A65,A73,2.2266569676287604,A93,A102,1.735506528985198,A124,A143,A153,0.9743499303877035,A174,1.0760534735808067,A191,A201,perturbed,0,older,0.5194630411299804,1,0.5470634615661469,1
A14,44.607819799416276,A32,A44,3724.0384281634297,A61,A71,2.547309199314945,A92,A101,4.191579211323113,A122,A143,A151,1.035691612544949,A173,1.0616253580280035,A191,A202,perturbed,1,younger,0.3539404747096831,1,0.28270335984052153,1
A12,26.147364120629355,A32,A40,1507.1804089550199,A61,A72,4.188358632245914,A93,A101,0.8410131870692985,A122,A143,A152,0.9549634718432594,A174,1.030094919549972,A191,A201,perturbed,0,older,0.5927020740561622,1,0.5865414938562733,1
A14,19.076915172274486,A32,A43,2755.002624425037,A65,A73,3.990527929858967,A94,A101,2.048898129018011,A121,A143,A151,0.9243740616983936,A173,0.9127298423795261,A192,A201,perturbed,0,older,0.09545454614028091,0,0.07230455669080134,0
A13,21.88430163601621,A32,A42,2761.396135060675,A61,A75,2.7962329585256995,A91,A101,3.6712870214013433,A124,A141,A153,0.9536728549386541,A173,0.9935122668559908,A191,A201,perturbed,0,older,0.6383962392649745,1,0.6669551532628079,1
A14,12.671583511527743,A34,A40,1455.4116816766184,A61,A71,1.221319294966393,A92,A101,1.6625846544675789,A122,A143,A151,0.9710711752324733,A171,1.0622794739181436,A191,A201,perturbed,0,older,0.10301846480807031,0,0.07988141049619013,0
A12,32.85548243252872,A34,A43,2905.726055318724,A61,A75,4.175089736943153,A93,A101,3.848868089754771,A123,A142,A151,1.0020722509462892,A173,1.1386953130141106,A191,A201,perturbed,0,younger,0.5149376414852863,1,0.46431091698185406,1
A11,46.651293167299656,A32,A46,6810.505753337954,A61,A74,4.044306734742572,A93,A101,1.4923774788429554,A124,A143,A152,1.0592052147784066,A171,1.0125106417130962,A192,A201,perturbed,0,older,0.6640325875407881,1,0.6871023371842299,1
A14,4.592047664867768,A34,A40,659.0798232197303,A64,A73,2.0652441348629913,A92,A102,2.1026169419269123,A121,A141,A152,1.9149869410802245,A172,0.9863271324833145,A192,A201,perturbed,0,older,0.04028249221243493,0,0.04302217127988375,0
A12,33.04052859868623,A32,A49,4612.912927384907,A61,A72,4.091594211715352,A92,A101,0.9346577717460072,A124,A143,A152,0.9659696665783529,A174,0.9848523747077336,A192,A201,perturbed,0,older,0.6153555535484707,1,0.6149233176358447,1
A11,11.611739990171289,A30,A42,3335.9072303481553,A61,A73,1.921388798789582,A93,A102,1.9053681555522233,A122,A141,A151,0.9331585975629443,A172,2.037863875467707,A191,A201,perturbed,0,older,0.5844938021819408,1,0.5837130264000591,1
A14,26.186384422044256,A34,A43,1472.9750239039934,A65,A75,4.126859242528997,A93,A101,2.049869934174441,A123,A141,A152,1.9273882477739912,A173,0.8688741857006237,A191,A201,perturbed,0,younger,0.0677764783526345,0,0.07434789261814333,0
A11,31.147462038053717,A32,A45,11676.846816798183,A61,A72,0.5825875423648115,A91,A101,1.0286605553066448,A124,A143,A152,1.0915100999571639,A172,0.9711622389515531,A192,A202,perturbed,1,older,0.5332718513677128,1,0.5491891864755968,1
A14,34.55089292510049,A34,A40,2785.2037719895097,A65,A73,3.240978054459964,A93,A101,4.158666189539882,A121,A143,A152,0.9177849169846263,A173,0.9914270826845855,A191,A201,perturbed,0,older,0.07613793734106454,0,0.07265012090425327,0
A14,7.232649142690185,A34,A48,1981.897588549848,A64,A74,2.105067013269629,A93,A101,1.4539141433857192,A121,A143,A153,2.981959427174572,A172,2.0265455417820317,A191,A201,perturbed,0,older,0.022606953496196402,0,0.026682921845755693,0
A13,48.331080193982245,A34,A41,12335.135604422756,A62,A73,2.0881175449722376,A94,A101,3.925519522465725,A123,A141,A151,1.8815319513118405,A172,0.9955904172213988,A192,A202,perturbed,1,younger,0.2720826547296819,1,0.27296575523135996,1
A14,22.153872207333464,A34,A43,1543.4345922487817,A61,A73,3.850683539484841,A93,A101,2.5912402062950464,A124,A143,A153,1.081463135739998,A174,0.982502947606028,A192,A201,perturbed,0,older,0.14306633597395357,0,0.15679517792369033,0
A11,8.65669153857478,A34,A40,2556.480599367761,A61,A73,3.75797146485936,A93,A101,3.5687295787360687,A122,A141,A152,2.127559109070247,A172,0.9640162739282052,A191,A202,perturbed,0,older,0.3734600226181214,1,0.3997462333998272,1
A14,35.092883567472626,A31,A41,7004.547857536268,A65,A72,3.2971787849834993,A93,A103,4.049144149873466,A121,A141,A151,2.019652347981153,A173,2.005889154207702,A192,A201,perturbed,0,older,0.14868807579894378,0,0.14704798403010697,0
A11,35.38809283229439,A32,A40,1783.3531346011146,A61,A72,3.8850519966433192,A92,A103,3.8363739805794257,A123,A143,A153,1.2243556287500341,A173,1.038690036955899,A192,A201,perturbed,1,older,0.7243743460515467,1,0.7090479781141739,1
A11,20.96235595999268,A32,A40,2561.187286427648,A61,A71,3.8646382767758145,A93,A102,1.11669153212022,A121,A143,A152,0.7556942715320448,A173,1.0283718691980037,A192,A201,perturbed,1,older,0.5429730198329504,1,0.52437515172224,1
A14,33.243465798218836,A32,A41,7645.970967612715,A61,A73,0.7827305111156664,A92,A103,1.700102466925805,A122,A141,A152,0.9195732628642331,A173,1.0723554468208965,A191,A201,perturbed,0,older,0.1185084915216732,0,0.10543129242475187,0
A14,23.069689388344383,A30,A41,5620.352250923181,A65,A73,1.179617755233516,A93,A101,2.8142725976480736,A123,A143,A152,1.0759154096760222,A173,0.9700208488823867,A191,A201,perturbed,0,older,0.041515445336904336,0,0.047763325447073395,0
A14,26.004194150279268,A34,A46,7004.9856355106995,A65,A73,1.5033998579741383,A94,A102,4.006687683475407,A122,A142,A151,1.8193907363504191,A174,2.045059701080641,A192,A201,perturbed,0,older,0.15056369417537607,0,0.16922865080251662,0
A14,19.78182740058424,A32,A43,1965.15448431,A61,A73,3.9576672399085684,A93,A101,1.6927740754516187,A123,A143,A152,1.9804607363661009,A173,0.8899836267258937,A191,A201,perturbed,0,younger,0.18758516585363208,0,0.18021487390418223,0
A12,13.291329764620983,A32,A49,1525.5833040706195,A62,A73,1.8394171236298167,A92,A101,4.701052301225553,A121,A143,A151,1.0082631193854135,A172,0.9767214525207231,A191,A201,perturbed,0,younger,0.23581038719308606,0,0.18341039371427628,0
A12,9.103528489611348,A32,A43,1886.0815241893351,A61,A75,2.9677033503876618,A94,A103,3.260257261478907,A121,A141,A152,1.971132115969608,A172,1.1039170885878702,A191,A201,perturbed,0,older,0.2005049106457911,0,0.19016375523368215,0
A11,23.478008925591013,A32,A42,2293.8957362465635,A65,A73,2.1502238221733796,A94,A101,4.184445258593656,A123,A143,A152,0.9947247441662171,A173,0.9362698312496633,A191,A201,perturbed,1,younger,0.20990539152792684,0,0.21029164419589486,0
A11,9.245998952253093,A31,A42,1099.4625099402726,A61,A75,3.8906800646007973,A93,A101,4.087961160981251,A123,A143,A152,2.0984046903968636,A173,2.0518037777530624,A192,A201,perturbed,0,older,0.45200681921457225,1,0.5145622084063044,1
A12,24.718328677540573,A32,A49,4226.002268688288,A61,A73,3.9380006091635886,A92,A101,2.1133092562767724,A123,A143,A152,1.1254831598439996,A171,1.9550041981353194,A192,A201,perturbed,1,older,0.3344924699494948,1,0.33188250647221196,1
A12,46.44800709765179,A30,A43,4572.068585892365,A61,A72,3.5800028209170187,A93,A101,1.967325412132589,A122,A143,A152,1.8364751531299541,A172,1.0100737345677635,A191,A201,perturbed,1,younger,0.6817611750411371,1,0.6731684019222927,1
A11,7.301009086444015,A32,A40,3042.7009247170063,A61,A73,3.876851432919869,A92,A103,4.056003533560773,A122,A143,A152,0.8467766261461823,A173,0.8891722341584094,A191,A201,perturbed,0,older,0.49950455559192614,1,0.47087337134733187,1
A12,41.569504732941304,A32,A45,3022.8534460784417,A61,A72,3.7626662748552677,A93,A101,0.9469563040286167,A122,A143,A151,1.051433803034053,A174,1.1285782222621639,A191,A201,perturbed,1,older,0.6949562929178896,1,0.6525102064448146,1
A11,50.89905458631107,A32,A43,6283.906335824592,A61,A73,3.051880029283367,A92,A101,1.7642732549964126,A123,A141,A153,0.8636483306607113,A173,1.1104229400110115,A192,A201,perturbed,1,older,0.7565501447261608,1,0.732224483475048,1
A11,12.082249153475196,A34,A410,538.2480516348501,A61,A73,1.9469978496773508,A91,A101,2.957922068047998,A122,A143,A152,2.221346117865943,A171,0.9488275634619423,A191,A201,perturbed,0,younger,0.2478405746884373,0,0.2807980023757704,1
A14,37.59970294167988,A32,A43,1567.9545030606364,A64,A75,3.9008966109582444,A93,A101,4.3252454000658425,A123,A143,A152,0.9880426146769,A173,0.9269332940484862,A191,A201,perturbed,0,older,0.11507125378685756,0,0.12555107286609823,0
A14,25.195623253993944,A30,A41,2411.5624617961826,A65,A74,4.035079731621524,A93,A101,4.073532181151788,A123,A143,A152,2.0267031404406417,A172,1.8840566099039644,A192,A201,perturbed,0,older,0.04692146557214667,0,0.0624393520552916,0
A13,23.522180832753286,A34,A40,994.3346505259117,A65,A74,3.7977211727025737,A93,A101,2.36611320003614,A121,A141,A152,1.979546444025538,A172,2.01773795722922,A191,A201,perturbed,1,older,0.10583507369274456,0,0.12012814167506054,0
A14,25.282108800963424,A34,A40,1549.5569188811937,A64,A75,3.7448329163780794,A93,A101,4.227553134326591,A121,A143,A152,0.9573889368854548,A172,1.0164526483325973,A192,A202,perturbed,0,older,0.035797075514279866,0,0.04171257250780558,0
A12,23.217531802395357,A34,A43,1012.0140043338636,A61,A75,3.4176696676972975,A93,A101,2.5110101812589307,A122,A141,A152,1.9151449385173995,A172,1.043633346969137,A191,A201,perturbed,0,older,0.2637013280410335,1,0.26481736146312407,1
A12,47.81807810995947,A32,A43,6464.987156286012,A61,A73,1.9827071566455854,A92,A101,2.052009662100047,A121,A143,A152,1.1955575687834756,A173,1.033873328901883,A191,A201,perturbed,1,younger,0.4937715244783648,1,0.4212315389586929,1
A14,16.194636643664733,A32,A42,1789.4843339090362,A63,A73,1.9980931449828079,A92,A101,4.03960449853027,A123,A143,A151,1.0422450670599037,A173,0.9307328575073034,A191,A201,perturbed,0,younger,0.12074537070839715,0,0.09720209324719443,0
A13,37.036675806389475,A32,A43,3686.702977382739,A61,A74,3.985739964442697,A93,A102,1.9092912114246252,A123,A143,A152,0.7662699512306472,A173,1.0800740205060066,A191,A201,perturbed,1,older,0.3378541379512276,1,0.3205083245377103,1
A14,11.703329541400967,A34,A41,64.18558315212294,A62,A74,3.86732434628072,A92,A101,4.275602710021666,A121,A143,A152,2.9262446102014086,A172,1.115705184406007,A191,A201,perturbed,0,older,0.042120627041951055,0,0.04264833410162908,0
A14,12.754313249184902,A33,A41,1736.8266807801865,A61,A74,4.232659056469196,A94,A101,3.9065627736797386,A121,A143,A151,1.0614649613733123,A173,0.9797206884333625,A191,A201,perturbed,0,older,0.11704344664240485,0,0.09484517097672422,0
A14,20.263344306871453,A34,A40,1663.1222598798208,A61,A73,2.829922130028638,A93,A103,2.147713888832182,A122,A141,A152,2.048621740654372,A174,0.959570281582747,A191,A201,perturbed,1,older,0.1335082766932866,0,0.15398697851604354,0
A14,31.841419402947736,A33,A49,4694.434079715309,A62,A73,2.3987473446398733,A93,A101,1.619980716874883,A122,A143,A152,2.1422940150286367,A172,0.986168606080565,A192,A201,perturbed,0,older,0.15262029643014038,0,0.16758467540476113,0
A12,12.089266679503012,A30,A40,2607.291398721067,A61,A72,1.9329567336355788,A91,A101,0.8983037825697173,A121,A143,A151,2.031135452463407,A171,0.9739385484364077,A191,A201,perturbed,1,older,0.6286246279993415,1,0.6084442593032949,1
A13,22.131728092670965,A34,A42,3736.6609179057427,A65,A73,3.8125114106178084,A93,A102,4.324616404463688,A124,A142,A151,1.9705189273773853,A173,1.0654522859388917,A192,A201,perturbed,0,younger,0.37674990244637374,1,0.38242453379358043,1
A13,33.49401619918595,A34,A43,3457.070517550915,A64,A75,3.908342013653903,A93,A101,4.119225416243172,A122,A142,A153,1.9797411240292562,A172,1.0678188180511379,A191,A201,perturbed,0,older,0.3031576815510364,1,0.3464963570882858,1
A11,24.742831917822844,A31,A40,720.4969133675378,A65,A73,3.9800490386168987,A93,A103,2.3054120995111713,A122,A143,A152,2.033769940629511,A171,2.047154882392795,A191,A201,perturbed,1,older,0.3177245777370403,1,0.3665201265117975,1
A14,7.321105137832236,A34,A43,1444.1928055481073,A61,A73,1.0818323525112143,A92,A101,0.8871472829443255,A123,A143,A152,2.063022662315257,A173,0.9797221614179814,A192,A201,perturbed,0,older,0.03862692196260501,0,0.03599657715759894,0
A14,6.3192556761633565,A33,A43,1049.6574737395636,A65,A75,3.4177149660342807,A93,A101,3.9525427438144725,A124,A143,A153,0.9258543567297577,A173,1.0056705595891398,A191,A201,perturbed,0,older,0.08118907347946652,0,0.08771597751088665,0
A14,25.96686773483145,A34,A41,2611.4824055135505,A62,A74,4.027403263545176,A91,A101,2.6248944945741695,A122,A143,A152,1.9622446627702643,A173,1.075986538536092,A192,A201,perturbed,0,older,0.09118846177387042,0,0.10122108851781189,0
A14,37.634811219800895,A33,A43,3329.027350916471,A61,A73,4.15632307571622,A92,A101,4.00022254679171,A121,A143,A152,2.0659895834099378,A173,1.0475910505915542,A191,A201,perturbed,0,older,0.3477594791905209,1,0.3204644298951275,1
A12,11.259679293974445,A32,A43,2157.722278485735,A65,A74,4.202708876917601,A93,A101,1.1872929211824266,A122,A143,A152,1.0166642896511033,A173,1.0175875933953653,A191,A201,perturbed,0,younger,0.11728881261007694,0,0.10318165207988902,0
A11,36.159369104201524,A32,A41,5851.846183996217,A61,A75,2.0949028626198314,A93,A101,3.9513448837923186,A124,A143,A153,0.9878416359928135,A173,2.0273929325995677,A191,A201,perturbed,0,older,0.58913348658414,1,0.6284064069907854,1
A12,14.617735711706617,A34,A42,1069.7600824701708,A61,A72,4.427485168561,A93,A101,1.0234767998875203,A122,A143,A152,2.0972340533367055,A173,1.0851190832571325,A191,A201,perturbed,0,older,0.36571211888688543,1,0.34683305580295737,1
A14,16.888970431556103,A34,A46,890.8473895160022,A61,A72,3.921289601556341,A94,A101,0.7889424961241998,A122,A143,A152,1.9141326530599132,A173,0.9754538663687429,A191,A201,perturbed,0,older,0.19501081392505637,0,0.1885453263400849,0
